first_name,middle_name,last_name,email_address
Joseph,Robinett,Biden,Joseph.Biden@gmail.com
Kamala,Devi,Harris,Kamala.Harris@gmail.com
Timothy,James,Walz,Timothy.Walz@gmail.com
Donald ,John,Trump,Donald .Trump@gmail.com
James,David,Vance,James.Vance@gmail.com